{
  "namespace": "my.PoC_Job",
  "definitions": {
    "my.PoC_Job.Request1": {
      "kind": "entity",
      "elements": {
        "ID": {
          "key": true,
          "type": "cds.Integer"
        },
        "name": {
          "type": "cds.String"
        }
      }
    },
    "my.PoC_Job.Request2": {
      "kind": "entity",
      "elements": {
        "ID": {
          "key": true,
          "type": "cds.Integer"
        },
        "name": {
          "type": "cds.String"
        }
      }
    },
    "pocJob": {
      "@source": "srv/cat-service.cds",
      "kind": "service"
    },
    "pocJob.Request1": {
      "kind": "entity",
      "projection": {
        "from": {
          "ref": [
            "my.PoC_Job.Request1"
          ]
        }
      },
      "elements": {
        "ID": {
          "key": true,
          "type": "cds.Integer"
        },
        "name": {
          "type": "cds.String"
        }
      }
    },
    "pocJob.Request2": {
      "kind": "entity",
      "projection": {
        "from": {
          "ref": [
            "my.PoC_Job.Request2"
          ]
        }
      },
      "elements": {
        "ID": {
          "key": true,
          "type": "cds.Integer"
        },
        "name": {
          "type": "cds.String"
        }
      }
    },
    "pocJob.Job": {
      "kind": "action"
    }
  },
  "meta": {
    "creator": "CDS Compiler v2.11.2",
    "flavor": "inferred"
  },
  "$version": "2.0"
}